"","SantaCruz_N","SantaCruz_S","SantaCruz_E","SantaCruz_W","SantaFe_N","SantaFe_S","SantaFe_E","SantaFe_W","Floreana_N","Floreana_S","Floreana_E","Floreana_W","Espanola_N","Espanola_S","Espanola_E","Espanola_W","SanCristobal_N","SanCristobal_S","SanCristobal_E","SanCristobal_W","Pinzon","Santiago_N","Santiago_S","Santiago_E","Santiago_W","Genovesa","Marchena_N","Marchena_S","Marchena_E","Marchena_W","Pinta_N","Pinta_S","Pinta_E","Pinta_W","Isabela_N","Isabela_S","Isabela_E1","Isabela_E2","Isabela_E3","Isabela_W1","Isabela_W2","Isabela_W3","Fernandina_N","Fernandina_S","Fernandina_E","Fernandina_W"
"SantaCruz_N",0,964.445031733123,1072.5669106637,228.973345475425,1143.27027050877,1528.70322465135,1355.62790345628,1300.46403516256,769.42531432756,1448.27210996677,1372.76502931115,724.1475061419,1870.33111366236,2261.17348527344,1970.5853480767,2091.78309979472,1873.26871604289,1919.44563794063,1932.72092107585,1597.07877390871,193.700695593187,522.909780066328,208.420428324134,451.97988892997,489.675060623436,919.78419945418,1369.06235339787,791.619421445179,774.293276256625,905.178062994678,1387.25981106752,982.842860107235,1256.22304514967,1042.37691879235,858.726396987471,593.966061556796,298.011962236229,278.044081522508,679.93827465742,1169.60761275988,1741.0456340114,1649.94872404761,1891.90361197005,1504.87461385947,2047.52116483748,1567.12195297978
"SantaCruz_S",993.696562283254,0,284.117327625197,436.100653494439,305.070870748352,446.799076745194,679.799459545924,134.704822669179,744.8569004843,1144.53851103172,849.201244101293,824.590758367665,1324.98482456624,1591.43658691329,1623.45264621317,1464.17666001027,1859.49058383059,1335.7456060327,1367.60334798756,1190.5048274691,391.654307750789,1320.29906912844,581.04639495365,1211.46112753809,713.227759899021,1685.89573061338,1875.70201721583,1282.8867011643,1469.59402855947,1428.43916533429,2187.07796411572,1621.54798289154,1830.23514766385,1877.51548215291,1171.35741113053,719.812907825424,447.444041397824,500.613421229155,837.074138934542,1390.24753877089,2127.71153317739,2071.84379698667,2362.01266621561,1840.21823837577,2443.35866230317,1866.76478386075
"SantaCruz_E",590.61076832375,388.507643344732,0,955.604398920752,223.024280608834,241.814992852805,363.381726863684,46.1803500307763,373.380940495019,538.14249647499,425.271619667449,552.80715562455,943.836280907849,1167.00675940676,1046.3109277953,952.853291327428,1721.1828199379,1172.3084055383,1317.57484856501,1009.17414006883,1173.00800349628,540.185424399955,857.822429298452,562.555349092994,1236.05316339889,845.283732749805,1060.0242621522,537.916113234403,688.44729726775,639.947308831881,1123.10251409593,739.044269066208,990.422639833868,812.231181979441,1002.6864314046,759.052203022603,810.495295999502,1148.07120874189,1270.57719622799,1386.38608397256,1963.68508903108,1852.25543770968,2141.18448675677,1741.40497915761,2294.49791436497,1861.36534952732
"SantaCruz_W",422.418583172088,442.32709398224,1604.17933101626,0,1440.21093678635,1067.98271174151,1482.30520649762,853.035602356888,406.234438962536,1125.06457971239,967.618163367101,436.291157374988,1438.81994199372,1503.84388005638,1598.20171903814,1387.91407006704,2279.41498333557,2057.77997718816,1938.94178350274,2248.89199169833,260.664099457391,646.590114526179,282.506877328052,505.350250773964,498.691419681438,1239.87856640539,1265.29595894007,723.460858048228,878.650518446061,837.490478149578,1504.42188770085,947.695168802397,1103.82315651847,1133.4736371075,975.514954614542,576.44850537372,326.021543261068,318.055340952888,704.828688146236,1123.46325235404,1682.35368661913,1741.14826726853,1973.16207614915,1426.01501626421,1972.31035650365,1530.38225140485
"SantaFe_N",830.241992125633,253.169496092708,98.5555260126938,731.975061766638,0,214.057981778516,61.1516550500247,18.732452365893,303.268005418991,506.911012528769,352.557479043764,459.044318221167,753.882044356778,957.87414497033,870.028607013964,798.141154886052,1463.54057836707,1026.77473904414,967.28003936775,846.475185059429,834.908470341553,766.291294056486,1064.175036284,761.636718519259,1289.46164203814,936.876869347364,1140.21011095946,692.529844098516,816.438044572097,784.238366869066,1228.57052747129,923.00437530658,1110.48113085097,991.25875646873,1223.97057089464,635.696243193739,674.226426244974,1135.0849273243,1415.1452487271,1212.45728881006,1795.20858090767,1832.2029023179,2097.70408120355,1530.38179790904,2053.95983645691,1546.17993512702
"SantaFe_S",889.7883872611,187.644038264662,122.832584914497,532.578057997087,321.080302431868,0,58.735266492973,98.6867208227428,274.412208680503,477.937047941239,351.871690355489,422.140797510866,669.265686559335,980.951458110941,857.36112411924,794.00791545727,1375.06740201852,858.5466664919,844.587890047478,744.576767677549,514.996349360907,813.48123509035,666.513029702775,857.660718993553,809.03685230322,887.263993337874,1196.07391546117,646.772537718426,740.637388671581,749.179316839918,1376.47886629854,920.936787466847,1139.80388930536,1131.8124100304,1200.86152550025,496.230964840576,348.715307808714,617.493452083456,982.095014472419,1032.98871682604,1580.32152491769,1703.19709793835,1912.50024274762,1345.72451060583,1865.72569946433,1369.74190746114
"SantaFe_E",792.442498704639,529.609968767221,250.796530352581,723.480891388138,91.209326654884,71.4626836823325,0,403.409540809004,250.308305838877,275.556621172008,165.434861081361,401.396565839239,479.347510172924,570.853229796489,543.30601867911,418.075155568483,1426.017515377,855.891530330754,895.37791395974,771.166334793587,853.499833505512,725.261489814728,1033.67202725209,740.020724274184,1270.68500855381,666.494805778623,977.997017427404,516.295647260074,611.135200172226,625.426155679866,1039.11534989911,757.787699052264,907.594552197943,830.044243165914,1184.51683593866,565.775626880798,615.809510829492,1085.83804291604,1356.42263998559,1110.1053685627,1658.51913778046,1739.42923630283,2018.19216437998,1413.63672243948,1891.67971507916,1431.65171574332
"SantaFe_W",723.27796407481,309.558456777077,18.5606697584081,540.857117251132,150.329903832094,147.95588086553,520.920555958962,0,213.694039881617,383.551041175917,278.377225237563,365.345005815804,878.280142155619,966.212199219725,1047.22453071146,786.962487780597,1709.30790640144,1271.35229236644,1391.65009628122,1117.94058499929,636.826477239855,638.207613331025,951.13777321604,669.456473597773,1073.96648780483,818.592460506113,1059.20178129495,520.312726775763,636.227262122328,625.4111574994,1223.88650549712,752.623581982599,994.691320377854,942.467966879653,1204.61271758303,485.627304181345,463.123796778819,847.198488269873,1252.21049331809,1027.29472677005,1580.44527431602,1697.70266077603,1895.51891911318,1330.78148051919,1834.67527740632,1334.23260016132
"Floreana_N",1351.65288019986,653.921748659379,762.719976039327,853.683512039259,729.829811043484,582.19015147263,754.620561935717,620.334920058504,0,877.235761669112,454.466244728686,120.944795928007,1113.5160645036,1071.30608463125,1182.80283829553,927.464904274836,1788.14264226762,1096.83211295606,1095.42983250882,1017.90286871721,834.961358692558,1677.5293005962,952.690039007826,1508.66646180488,1020.41717123512,1870.45761016804,2323.17954677006,1780.41533269914,1907.55732664072,1868.70075267922,2632.60229891521,2019.22533025688,2211.62164840032,2250.13322697079,1514.015680763,257.669352710556,396.464611192888,862.298897532724,1196.78161349711,668.918292133744,1140.46049991873,1317.30821556471,1472.47229412591,936.573118014405,1427.56047259374,954.888130227063
"Floreana_S",1697.27762403188,852.730692186863,721.191432020266,1304.32859029407,855.45854814209,574.171367816699,674.388817319077,659.284107494786,735.595415375946,0,70.6365022799028,186.574821263331,860.262679943595,727.601635692041,919.913212117976,821.07918815116,1553.99972798328,881.444469135307,928.608657146176,821.134348761274,1252.55739545749,1998.50389858934,1402.1233453293,1933.22159003624,1490.68608327716,1891.03895739816,2542.52759262716,1940.29868339627,2130.71298502328,2094.84429777798,2858.83123380704,2295.64971349503,2444.9607228481,2636.85843199308,2031.1691662703,464.023509487121,833.800624984494,1288.02195805186,1635.31507956102,876.852180791814,1421.03055988558,1570.00526063068,1738.02441100996,1172.1597974132,1689.17416987031,1198.34788226859
"Floreana_E",1125.31622112418,489.927755759403,541.170189264354,710.500962216759,703.156710315118,530.419649257227,638.51096942847,501.840398172773,75.2014072409675,11.7186297383598,0,283.940763684271,1017.46428639025,1102.30748454109,1193.30208709999,1057.28112161908,1722.64180437189,1238.12677488769,1228.62999533565,1060.44305805994,622.183024099763,1461.97150801311,701.848158198207,1292.32678866681,823.379239840947,1412.72111799853,2004.44177233159,1323.68488420568,1486.18606242693,1479.67654111307,2231.27849792563,1678.14830583791,1919.77381126391,1893.31738336386,1391.45439558509,457.765230546962,485.449822272156,637.0221710803,1008.30454210827,953.41318450505,1518.09924435934,1650.70866657054,1813.13318895785,1252.08314735618,1770.952583934,1284.74562236217
"Floreana_W",1071.19542560789,431.59655676272,507.820671805531,638.740802336519,521.556685481303,567.782840299643,748.837989073702,404.898975221223,213.904844801649,370.33409328846,616.950682095001,0,1213.56969587405,1261.8456043838,1348.77451591458,1171.05005463247,1763.10091288479,1102.54175578736,1221.65493015454,1034.1697316974,664.132071433735,1625.88352928863,801.093109314451,1445.72727719943,1003.84591708906,1751.9840253491,2359.88623018038,1704.69112601111,1909.44267450542,1872.71220516253,2723.49849911064,2044.81771966378,2304.00606424126,2357.43676183728,1767.58122981127,389.518880444945,510.723248859076,800.033148808176,1283.26366347653,831.890951117148,1356.74882428957,1504.67967452465,1663.12885651964,1131.66862292183,1574.35507487433,1157.35424977727
"Espanola_N",1302.53306525332,493.941837617302,489.547778907734,833.37398727922,629.392634937035,312.892662123749,497.736160345029,421.053909664263,210.175743813679,171.215547362319,79.5199115396083,364.935059577365,0,367.438378837931,21.4542309659519,100.828112372927,1728.90485529882,459.940616894665,393.461197776305,789.543768500841,770.681034602867,1265.18600614561,950.045736289949,1286.78843111542,1072.24846747375,1233.10494202358,1523.98017603261,1045.2605932723,1157.03608809864,1152.19545616566,1598.51571047914,1305.0282762862,1484.84640924512,1411.60382447174,1491.53231207374,516.564101269357,617.789351425746,881.507476221692,1244.1210552329,991.936196821669,1560.83321256326,1752.10018838003,1953.24025979905,1335.69868618284,1810.27003237865,1380.51611698668
"Espanola_S",1477.70765858477,582.056240663927,769.0781323546,850.034838514538,923.074109251634,638.25732921957,798.806616530901,716.082516494553,428.784789115777,322.292401757232,306.98175515643,534.588585209656,504.574919420107,0,67.4721798089289,109.017209265786,1975.24624446706,585.100401437704,537.929506458843,972.011706517602,755.158786448011,1589.54993027267,871.081590011838,1540.10351497799,1051.17639170036,1560.91817172385,1852.44877921507,1341.6677145449,1433.74856589204,1476.60987821493,1981.65438417983,1653.66980632526,1814.00657237274,1782.67632260367,1580.06227911534,731.971237234685,739.085321309245,873.894567053157,1219.06720992934,1209.68975519755,1787.51318408319,1969.24777210245,2189.48493123103,1564.42476281834,2034.18811245955,1589.54852896663
"Espanola_E",1414.52812512632,562.611499072428,536.335880404475,991.208950278079,567.52367655167,368.844491517456,412.828090488392,480.2748167369,521.181463134368,509.142978318046,442.217976429656,694.326599654707,19.9091275651418,7.76507850916251,0,217.057697027331,1595.56562889436,404.51027801092,397.235514483436,553.851530937754,907.200618399608,1341.62613913741,1048.90504662747,1391.44298455599,1177.67627766146,1182.8175599057,1519.34690512726,1031.67904961072,1086.57497271851,1150.44576815302,1648.68917721964,1338.48297600017,1465.59685718285,1441.19338546284,1636.01216946912,813.326379299307,825.961568729813,1019.42421306809,1371.14715552401,1356.09651748082,1978.23206313189,2129.41222521678,2326.66614349723,1701.42125046323,2199.53876389609,1763.43998655221
"Espanola_W",1458.14101888012,511.392091442164,649.472395029891,931.779947502069,790.296303024185,501.371836860235,640.174128875954,596.082513369748,405.90509455034,364.451050983322,264.069576155517,597.683747839596,257.347946812363,136.965629496692,349.046632321841,0,1688.6933504866,370.956839877386,478.262736007871,749.785113444838,872.062245027007,1512.67680757298,1034.08524204047,1492.46451790253,1192.66440467568,1392.5034421664,1692.10355953558,1202.93248062595,1298.33393500377,1323.79272737007,1833.20846274389,1506.9775888787,1700.49613265362,1648.82890501671,1670.85248175513,751.743284953493,791.499441461036,1007.66368864803,1358.68371636153,1258.19208450034,1879.24387794792,2075.29670436373,2222.7829301083,1655.06546651246,2138.35271962095,1682.20538612966
"SanCristobal_N",488.576614287729,641.664478603179,264.704360604051,917.559071095564,289.90466476508,323.625287045511,227.219568823047,408.668916167581,467.45545472819,448.96752527014,326.909650302774,621.235563822066,669.672496591023,842.068756603822,855.533511775145,639.770387419731,0,726.590517108802,436.524959425548,312.886621384995,777.490220690403,685.859432578543,672.724148786006,614.597608321841,1043.86220782087,717.609206320328,637.738137234205,573.556691686398,391.205008293773,669.164940937865,716.344374922407,779.11237326614,694.49795066821,868.125649284355,1035.31112147355,850.543532043607,793.293100939097,773.004611600696,1089.46458326412,1455.4705218399,2056.32973209722,1704.17696866921,1990.2706277447,1765.2093535467,2298.52417249221,1766.69978945652
"SanCristobal_S",934.005311280738,474.543054317793,481.365451944851,899.145672086046,338.876114730206,267.620485856107,201.323764777095,424.17278013338,479.913313385693,549.295004641615,474.390118527652,638.028960638668,503.741596275655,775.806463421096,727.645883141697,550.294901215289,1114.75075046036,0,179.035157812018,148.369346921249,814.188639270775,930.278615418583,919.343806492471,914.258516147149,1103.62434507394,969.25133385218,1071.48321694676,701.242928984687,797.49342532225,799.324535119595,1148.61800902953,940.885228822581,1077.48089406891,1011.59541305663,1261.99484559204,649.791940360422,579.639956867393,918.100953631807,1269.19882007302,1231.01076625263,1870.13853872294,1934.79094583423,2186.74633647878,1605.5389476222,2119.65105041768,1625.72546288567
"SanCristobal_E",1124.97951266776,688.291662193157,724.672053405338,1037.95273082602,612.033574652753,444.906341684495,400.705155555182,645.419467110308,454.328401708962,505.614977530448,450.234647550512,620.017108327222,157.571076840596,356.79085834443,280.376567874222,282.608711244026,882.916265547779,110.821226614062,0,327.748230048408,1000.88882797977,1193.04888777058,1147.03858278264,1152.72047045184,1346.28398811611,1027.17499769311,1341.73266512461,1054.24459431703,1107.29892591519,1145.1471157824,1403.92334616607,1267.1193431834,1361.43247967954,1319.40134382992,1531.72609875081,695.772827875502,735.697052842479,1125.44591053781,1534.26107105541,1253.6508554593,1878.35784516026,2026.99133788325,2247.54001671664,1627.02647031882,2106.48688676699,1657.22640795279
"SanCristobal_W",797.968849258155,779.27921672905,523.784354606565,1196.35318054618,489.896349530268,494.400017020836,395.237098349106,665.029265035533,597.819292794227,581.681390636309,490.591819068922,760.666742489687,196.443402857434,393.306391823718,260.520099544486,222.685387644257,706.530614150805,258.54608652593,390.650047852209,0,1108.0540034874,895.091945484303,959.317276473346,856.409669121108,1265.93399212092,836.181897133461,987.745939219187,614.208389009505,686.49358894836,728.507536189968,1016.06670584411,868.717004896514,965.389319337166,922.118260827118,1233.10269939006,898.17842579925,888.025653395716,1055.97165783874,1396.70499313983,1580.7649689751,2252.05566844868,2012.58234618288,2313.93014162053,1901.60949484121,2473.97575978822,1924.3290263417
"Pinzon",550.764268055575,487.370821838008,1242.21915205183,219.213092491308,1235.19033373393,934.783410662345,1325.33681371934,761.694213018164,382.975089221699,950.850520736189,837.638847650433,356.441613893823,1486.90316333322,1471.49543348286,1597.9358985504,1395.52267332962,2378.00713045177,1829.57656904669,1746.43259516905,1809.27635381042,0,841.052843772859,163.059957051045,687.345285534694,348.936560180773,1386.41666798596,1415.07941533604,849.800419400084,980.838930651441,937.006076647944,1634.25021684346,1113.64958431368,1295.87998444715,1298.36579893835,776.899229028579,415.098711402885,185.566130315666,274.211592677896,478.92595190208,874.774394209465,1351.43019097988,1514.65710390076,1685.13812008958,1197.40905320456,1629.56162089525,1241.75483273756
"Santiago_N",503.077487931541,1481.8335236505,585.872388362365,981.007434195592,666.150867297894,1098.43743786808,672.14931829448,995.173378799456,1323.44381438137,1920.25615148264,1746.50121072397,1292.69255871606,991.290763970849,1615.05201711115,1098.71774480021,1392.35152216769,1009.41514782273,1109.53689210776,1245.07509126585,733.593339430784,894.929767656898,0,731.411737301509,214.322414800823,368.044647771457,1134.93882911451,1205.2159839595,735.522592782072,874.481435550936,802.427876070081,1232.19541430904,911.674586033399,1105.26850154571,887.656378787759,376.186475194343,1366.03131321491,865.624900341606,458.321211028444,150.100557617999,1522.27092553457,1718.02896405753,820.445672599653,1045.06810641265,1435.89221581992,1797.12467994803,1086.5204833725
"Santiago_S",688.38621460054,949.504365451017,1642.26767094741,464.140815893906,1529.70667773553,1318.92129563461,1510.35817679062,1189.37103817027,765.85158888136,1367.79476328726,1236.84317503443,747.831221501281,1726.20934684019,1813.28832868433,1841.21217448153,1761.89375155353,2108.76720757588,1942.46174678792,2052.52939014695,1699.30518478133,355.167826510258,1461.57180665976,0,1620.46027343725,234.002804930173,1576.79090144955,2230.76220131999,1793.29007499921,1681.08022853393,1785.04483965185,1897.0172619621,1409.49749705606,1741.70362311367,1515.73513001018,598.40114495679,735.962890528698,346.427263571301,171.238003027611,347.618423314035,1487.76151091526,2117.67087920589,1403.4444729214,1762.08616904513,1863.21904736308,2422.13643386435,1786.59693992236
"Santiago_E",309.922854228627,1286.67577688811,776.591293217112,557.120424741452,853.694671437459,1167.79755121273,909.281006112059,1036.51497999417,1246.12995125941,1809.16432531798,1597.36333231776,1319.38763988553,1259.56802608263,1732.27256550071,1370.86807943063,1538.26332612407,1571.6510457932,1429.68462057557,1579.81340896233,1091.87453055669,590.192980799494,22.7901887739738,952.221380910116,0,753.81854707959,1352.39304863989,1473.62354186732,1028.01793186634,1168.45643317452,1040.58292458932,1331.90796959005,985.690519494927,1289.41453594319,968.196213933892,462.419791906145,1554.12357153195,945.309302278101,928.837365852402,365.647863689609,1768.99375695562,1953.91662106326,991.891250320238,1240.32022863595,1692.77856987037,2075.9112954311,1301.17257225414
"Santiago_W",917.094160229594,1057.10414263907,1786.16081367875,556.290550734841,1720.26365323645,1225.21624909378,1640.84586488335,1156.28725333407,954.924067178151,1616.3902050398,1413.72343997683,939.575170081138,1797.37727213674,2245.94459014708,2023.31418268562,2065.38574085844,2084.30396501298,2048.21248333022,1908.20939929885,2049.67067928325,391.260192818332,658.275380267537,345.261742982484,1806.44049625564,0,2019.33856325959,1360.56166158193,1233.98665646424,1502.27002149382,1021.38352209579,1454.40284707891,957.986654124508,1136.93615182096,1086.18822732541,368.451679142846,988.637114547496,474.248582017503,147.911082628163,349.640114909761,1795.13123253102,2064.96747146882,1006.39178186555,1294.76356414008,1772.50523928527,2102.54577968017,1367.14164544224
"Genovesa",740.517284816956,1419.35469680803,926.700751453685,763.157379351933,839.635339674001,1022.11509999758,866.363140253162,961.051224910771,1352.95589135199,1752.3188474231,1364.00423104977,1300.49553623354,1177.35313082517,1273.84529421673,1243.44503343109,1204.89098084436,984.631825406009,1472.09634150517,1244.83813659927,990.982874113147,811.987805874083,580.517324326484,840.852036664629,560.694723208536,1092.14623435115,0,224.855159945336,216.534678875794,81.7207694784118,347.674914494911,389.461383747214,347.710170024917,350.763268499582,478.178731925062,598.883487966812,1466.87007160061,933.908356678848,999.633871743026,723.967804589429,1851.80056373081,2205.84289585131,1167.81262445871,1430.12585369868,1914.42651118255,2397.93500121284,1436.94512542521
"Marchena_N",1037.38133100352,2060.66747379981,1231.34926880938,1377.5187232423,1229.48149247986,1639.76502428143,1323.56524494255,1577.05089955948,1819.27114146298,2390.36051707078,2076.38266620283,1836.26487701196,1805.52479926933,2021.86114515639,1888.30925616509,1837.42998255227,1077.37882431335,1920.86591935129,1678.37799374912,1444.75567564894,1328.88926598842,513.957661818934,1249.22284784158,776.961105244433,933.497996742696,448.928293318696,0,371.433613691679,252.950129972338,118.236505510115,132.091304094613,112.032902223728,60.1322673707375,232.057497081465,383.376250698267,1787.15130210736,1257.65893273981,850.875784456346,502.940844233722,1542.88922981096,1750.07027887924,790.164351205812,1058.14473109253,1450.34909012203,1858.61885164918,1078.48171974979
"Marchena_S",1055.26306216015,2010.0816867373,1037.15417976195,1393.5424422662,1073.5700934105,1279.07071229577,1077.35085616915,1311.12667811013,1785.59090457343,2164.21232903041,2069.01170485528,1864.08501802029,1417.5279110785,1842.01528574061,1487.97592749972,1584.87260450524,811.282956890692,1519.95905207226,1569.45997656042,1001.31248412909,1411.48659027698,527.86177182454,1336.95601993589,785.060774972165,920.443010108272,695.928473969432,454.985185674581,0,305.984151657039,76.6712273292021,441.643504308308,164.939277935799,344.337264339361,233.568822783461,328.528352269063,1934.36178621177,1371.95731821288,965.333621861281,556.352937520411,1498.78713123365,1786.50525728021,793.797196698694,1056.60540685277,1475.90360542952,1884.37706422435,1047.95855471274
"Marchena_E",700.181941397847,1548.66728465348,766.109068144782,861.830787019863,718.384910012067,1033.53555787388,765.629164822754,893.936914567558,1474.59709433238,1893.78182259314,1590.12022617564,1455.01413417949,1226.09515306474,1372.694336352,1237.10943055792,1257.01026850404,613.753871828965,1573.98941498816,1341.06475180818,1099.67930825561,983.186654049468,337.385062719183,1120.42752427596,465.002539841748,885.43673430404,750.871709822581,73.5257582666965,77.5198933959597,0,292.526481938663,230.45046137068,206.900092123104,202.125910406713,334.422446278826,533.752734057447,1732.8387016918,1155.94526362541,946.970008479182,549.342628441392,1790.59990165124,2120.98039595614,1014.52846969872,1294.13449874906,1742.89494819907,2086.44038733149,1334.40378253848
"Marchena_W",808.841742735213,1800.90678411753,891.399739890476,1172.6027701596,892.228642129726,1297.00460179185,926.617930628421,1157.13111425832,1759.91142581003,2149.43319077931,1887.8048089433,1733.07288830616,1314.05027904622,1752.52366967699,1351.1530373541,1387.90515285828,841.924625283105,1378.55281264675,1410.21877006552,845.815415750194,1215.06638714308,435.11247654823,1243.9940095305,566.777655848911,904.300592594652,1035.18234035247,337.12621549692,156.847150734948,570.537158942264,0,330.093363727757,69.3424793837528,234.62580918629,180.847748438176,509.441574269929,1874.5817687271,1220.97495723909,839.873843402867,612.52003581886,1701.56845337752,1929.96721089418,939.838542859196,1233.21218492896,1648.52851976925,1964.24067988416,1257.03441138901
"Pinta_N",1163.01735869244,2060.25761265831,1166.39089070029,1523.01667198547,1315.69159989056,1735.83149174659,1364.38938054909,1690.06520962285,2248.52696505955,2539.12667631243,2119.68420409449,2176.99870381002,1607.59943057985,2126.56431368185,1735.15927458503,1903.3050904397,1070.05357853515,1644.36481705625,1496.36869880346,1249.92349742019,1501.37415890785,732.155906306638,1498.68798108791,1025.78554326728,1077.37206892965,510.94921297598,328.411551471145,630.301761406107,463.233874584566,380.988227185795,0,405.07757328934,68.5062655970701,127.247870971956,617.709265595825,2067.58163354846,1660.14052553287,1193.19635253971,827.133624137948,1390.28446822059,1711.07083975649,847.341987896591,1116.14940490047,1462.93530456065,1817.77698360406,1060.41617307921
"Pinta_S",1077.9806138788,2123.82398381249,1078.80476068144,1480.92048001381,1166.21211821439,1778.859159697,1227.62082712454,1311.99124089784,2051.09574210091,2544.68496133165,2488.26274726395,2027.77003654952,1501.89119387484,2135.37983705292,1526.23083636314,1806.74956241353,995.401877532273,1470.89672177074,1656.40936209664,1157.96079397014,1461.33831331702,757.691954525032,1521.30841127802,938.53051833724,1191.16735065894,797.712263148245,275.041445714353,367.289390151879,579.263387276294,234.185339195528,403.770296067521,0,104.831577572419,66.4184253088331,415.373596391647,2065.86465277168,1578.83235055115,1214.45835489476,646.566787426278,1429.77111715452,1638.07141318979,790.352053049678,1018.61071321402,1388.7191990999,1752.5110119191,1037.90132355774
"Pinta_E",975.319957591352,1778.61713179982,1036.69781960729,1308.50292823823,1085.69015955516,1584.06904854555,1143.93051163892,1473.61704544854,1920.93477553228,2371.28924579191,2167.37289275858,1821.44844890466,1657.47503452853,2023.84539270244,1705.44140459664,1820.39120795894,1096.37270177777,1603.5259349228,1725.64626039228,1144.91591755965,1284.72593088623,504.387766069057,1303.02999153919,694.952545632392,940.17397166668,763.133610560606,235.523706691841,471.97760779093,502.975503326723,259.467691327538,4.86246806150353,19.8736139617272,0,185.504962349077,468.142579033185,1894.87063589199,1329.04923176816,939.158408431991,522.878015742403,1563.39576748026,1749.78769532451,868.627880601476,1154.34380848755,1483.63036488881,1831.15885871309,1133.77267216632
"Pinta_W",932.544980292093,1844.85486484143,966.254056355617,1227.72004544153,964.957088833338,1403.96449094573,986.866421244132,1156.19309491285,2043.99853466336,2413.81764484866,1985.92633806795,1881.52544995391,1411.50572700994,1793.35763960198,1421.61282269975,1552.65395869574,1082.04868877032,1302.55614473316,1519.63911967717,918.105181089431,1252.62992237271,648.757332358465,1320.60796032897,749.839433636636,987.724545196568,772.34550454753,418.594239294596,433.494258866891,679.810316534718,371.826655200671,283.875081479543,69.1403746397523,476.859973519551,0,744.656645218607,2138.2580103964,1481.52259036073,1149.04986703385,747.7550502491,1682.93591574665,1976.72089637201,1104.17201695136,1347.82014345137,1701.42074321918,2110.79681910829,1340.04786215466
"Isabela_N",927.299859057647,1744.93762364404,939.736955719796,1114.88485310419,1007.35025212587,1781.81397483168,1179.46981398731,1545.58680211882,1860.77830864418,2277.06057744437,2043.69641819748,1800.42218715157,1588.93241120289,2147.53113834149,1814.38050924206,1931.66612805128,1366.06231920641,1620.97471300019,1670.54529119472,1230.00209133081,823.042079897079,469.125070047375,946.589817423008,809.204950362447,435.596956071559,1038.4012010634,908.244032963507,650.737309601551,947.205994213556,647.563405658375,837.261641784682,749.392474424425,1032.28094036344,648.358162447669,0,1285.8321135965,1292.31682405654,564.744506296617,414.962949387801,786.650853564025,970.687808282393,224.792892990979,433.786247906465,723.979246894559,1134.72480611995,425.03679220156
"Isabela_S",1133.48005083063,832.007521593012,1077.09469142617,761.159844468231,1069.56606029314,1057.54211568212,1326.84101339231,952.243409559161,631.398129695338,927.3523014859,898.846942304976,634.995191139185,1277.69922567893,1293.96224982935,1392.99390586652,1272.98928633067,2474.30166583992,1607.17435039462,1516.30078241974,1735.38501885481,671.678293893171,1893.15730379036,910.657049296616,1453.0228851583,1102.4502816606,2050.90031352484,2242.93820983275,1610.11358793949,1654.51521487193,1774.78867549633,3172.05213216803,2178.77643257023,2110.24854571628,2463.10084794752,1571.58041458689,0,375.571417364259,954.327229265412,1541.06985626542,352.880004463114,813.305195693744,923.810821513446,1059.26067518858,601.13787884435,1020.99387734403,581.446676329004
"Isabela_E1",990.931055211707,1070.91936595423,1466.48088588442,584.79433887784,1455.83334303078,1325.16280534966,1579.90687984919,1231.66598480577,628.757801808576,1143.15139052063,1182.02935795667,565.863192886323,1658.53383279756,1682.41169660285,1709.36216418494,1557.71425585679,2731.57779637218,2152.74121854446,1785.44225743071,2042.090950724,454.493453213145,1343.45498173612,465.394146932865,1144.78456661981,520.30462616077,2056.48719326828,2095.83027987588,1514.63669987719,1597.50488866976,1613.10238040997,2234.04717845813,1705.04436655421,1937.58065251219,1836.49111757048,1234.43026494269,224.10807902089,0,353.399527260022,704.420945749653,689.74668158708,1160.19471771152,1391.61612539527,1541.96594607525,1001.28648838952,1440.84784567424,1043.04265893797
"Isabela_E2",1031.78340258751,796.361372361954,1561.82524216885,649.659839123055,1305.76704963371,1159.49778782339,1416.88427847798,887.868166973515,702.79666007001,1244.65463724544,1160.21514362277,678.092815537278,1584.13328772377,1821.90373181542,1863.68313448863,1665.25338656916,2463.77979898604,2083.43574703883,1907.04712235583,2140.31960007115,459.085954605002,1150.01826155706,878.957030041029,1967.94191921385,234.713499301183,2039.63275800719,1713.23999577898,1920.49467064288,2277.84516778079,1419.15312305463,1769.91180823155,1252.95239451729,1451.12905665416,1394.8915785667,615.316618928719,660.907475349295,224.150418032466,0,362.94086833091,1400.96989789572,2097.18623426167,1440.15928219893,1798.16286605397,1807.52396672939,2327.45806351496,1771.17897439517
"Isabela_E3",1288.15501093047,1353.07223266209,1806.81564179612,925.908004691646,1669.13372952798,1707.10857437902,1766.77048264769,1577.96701248527,1192.00751233505,1804.51248813099,1723.80235614563,1205.11855641052,1983.98866355657,2503.58356650394,2147.4167156209,2305.99418774618,1915.53175511424,2031.23198727039,2003.01361609161,1754.11298355412,756.580383173297,823.095656568898,658.959610948336,1333.45067561662,442.744469764934,1893.25435852834,2010.92621012701,1482.25953761932,1779.4847804491,1667.14514175279,1496.78593586081,1231.20458490092,1407.60218420472,1177.87510497848,246.746576071849,1243.40845675453,724.284453496811,406.53755689378,0,1804.59127386257,2003.22713087618,934.907467034369,1350.89579211849,1829.87085612306,2143.22330137193,1328.81189490329
"Isabela_W1",2077.2413154499,1420.32504844422,1993.69233000291,1639.28073055307,1411.65965129536,1607.72966199176,2023.65803990218,1079.32422657308,860.572360560703,1022.41502544319,975.295828066517,830.44765701969,1353.35486927062,1191.37316452018,1427.96273067417,1239.87875822039,3781.38097780445,2789.49079128281,1814.14989684876,2790.21707997273,1626.55072163893,3735.14755979678,2672.23506605744,3157.43455648994,3957.36642243053,3480.88327508594,3364.05553473093,3455.98908125142,2985.29789542235,3247.67382310306,2885.66579648501,2942.02556134158,3237.38499415134,2756.63638931722,1241.25925149254,390.109978907763,897.917729997576,2877.7812102358,2956.25000823653,0,293.998081688558,662.584002257062,802.938381412278,118.864219895879,447.025543176661,345.044120199586
"Isabela_W2",4763.79709767687,2871.5881476,6950.46616951677,2959.55285795616,6335.89114849264,4665.66075245277,5442.66201226098,5468.2385573885,2696.19131229366,2247.88649819277,2454.49969708442,2423.29379065144,4990.1558258339,3112.48843896762,5033.85195281546,3396.91574769674,6383.77795411347,5450.09644272857,7128.61831557346,5304.42326632718,3350.8423939207,4119.93347286304,4217.81066200567,4324.63081325568,4621.32916846954,7417.54456685297,4853.95903704993,4939.21230900863,5005.192710386,4712.85494479109,4343.98975881335,3733.10937304045,4576.66022831455,3249.771064229,2497.44231582532,1423.9301072988,2142.11303838613,3815.00927765963,4045.7228184277,600.878798963404,0,1584.57585982303,1837.0562373711,471.138161610907,313.569779727727,995.639849460338
"Isabela_W3",1822.35250040083,2089.25928504504,2420.16460311641,1975.93942376275,2755.74102203179,2353.058819538,2782.36782710489,2442.15993730665,1770.03919137061,2021.85383087885,1939.51500247401,1765.37753046608,2801.98084805044,2104.80539924746,2421.05036992091,2285.5899877494,3099.69928975616,2434.6771414121,2547.14569149942,2248.3982420728,2215.75072260749,1370.92064564059,2003.44856483198,1330.42527599908,1326.79750327551,1780.17184708804,999.951241503266,1237.23029529412,1537.44485719334,1056.72532920252,790.576618998882,856.274916168788,1021.75193926452,791.931839006483,347.752829563483,1238.65139648266,1713.82131499327,1547.93095026561,908.875416596721,679.064616457739,936.302831569858,0,153.000785604677,650.781206270336,1104.49415839817,278.414112833586
"Fernandina_N",2291.14086495275,2255.8403598075,2784.85514150316,3723.4219838034,2449.48056553309,2748.89115794654,2351.51413814208,2717.68320150248,2259.06138804879,2506.28251505255,2158.38819861528,2272.63232429214,1986.54186508809,2302.80198966624,1990.85414512423,2298.61737474381,2808.36033308852,2282.41816156654,2525.22122566825,2268.90651829495,3455.60842632364,1847.95227140794,3179.09499901468,2039.00234618197,2228.99476407474,2251.09017938873,2440.9897518771,2047.92673176358,2063.74050413713,2088.15725710023,2107.85069113877,1857.42770378675,1896.68410305052,1743.27927764031,1221.47310467881,1475.7926316752,2533.58645882578,2697.23720664168,1743.49618265191,798.983444522099,1331.77984435226,440.120416942619,0,950.181227705252,1588.89319843394,391.065197570177
"Fernandina_S",2907.44396412518,2539.65093272831,3991.18235730046,2631.69889794717,2728.56278547097,2821.4385243964,2500.93190000758,3269.6452245418,2027.42048948929,1803.01203279456,2022.32576717834,1903.67102888539,2640.97366017326,2202.8362100278,2134.1195272398,2187.68647413803,4527.42482056178,3237.65407059482,3640.00949281127,3494.47254039801,2898.28520288115,2926.15019867888,4496.98186873845,2468.27767970399,3804.05336562656,3335.15211543283,2971.05469902361,3228.0317167133,3144.94100871305,2933.6682724918,2412.21451143095,2356.08679811297,2773.11372901333,2256.95493571973,1284.71359078256,1137.81884017655,1976.61084144635,3423.57697131207,2963.90911349482,567.373462663423,152.633161869885,569.129996569169,795.352535218314,0,346.064759866749,251.382164840743
"Fernandina_E",4466.3336289544,3353.52540402125,8196.32638797478,2648.12001942649,6297.46882217361,4627.23842613373,5404.23968594195,5338.97111447892,2697.0319637437,3295.04120228712,3270.86998923322,2564.37286299722,4951.73349951487,4387.79579033979,5680.3620053387,4558.96098943623,6086.314485391,5411.67411640953,5949.0759204359,5266.00094000815,3039.40955539102,3822.47000414056,3906.377823476,4027.16734453321,4323.86569974707,7120.0810981305,4556.49556832746,4641.74884028616,4707.72924166353,4415.39147606862,4046.52629009088,3741.2169301036,4279.19675959208,3567.45491152137,2560.23458848831,1494.27845878421,2142.95368983618,3503.57643912996,3854.33116698913,674.01034389347,172.411538131935,1464.55039114798,1776.31051520858,604.420599388127,0,964.561179021369
"Fernandina_W",2612.2754919573,1754.54578492459,2945.38562461806,2290.31173826302,2025.16247494414,2171.99295401898,2453.55514132691,2153.5144990158,1560.90304551245,1751.13186188777,1676.92794241151,1430.30923576169,1535.85140998931,1365.51942003204,1420.65015750912,1361.33480510961,3245.05506651777,2574.23747479023,1669.85299263442,2510.74578677399,2464.55554549507,2244.80176561723,3706.92985040009,2382.44493803375,2469.80756274997,2647.78121151328,1724.31257076685,1791.10097074824,2288.00388799005,1752.33766552311,1251.91771823586,1716.96754064761,1616.4957298641,1246.13930249896,694.609592812207,761.709244879145,1483.29502468687,3048.45768114452,2008.53809671704,276.311414094037,429.236139012408,193.046591583716,279.519876431521,240.540437471788,565.477854183405,0
